model_name,test_acc,test_auc,test_f1,test_loss
fc_mlp,0.5,0.5816326141357422,0.0,0.6956629753112793
gru,0.5,0.5153061151504517,0.0,0.7498214840888977
gcn,0.5,0.3214285671710968,0.0,0.7215866446495056
graph_temporal,0.4285714328289032,0.4591836631298065,0.0,0.6931670308113098
