model_name,test_acc,test_auc,test_f1,test_loss
gru,0.5,0.7599999904632568,0.6666666865348816,0.6903032660484314
gcn,0.5,0.4000000059604645,0.6666666865348816,0.8599807620048523
